Workbook

Sheet Expected_Samples
A1: Sample_ID | B1: Study_ID | C1: Site | D1: Visit | E1: Status_Check | F1: Data Flag | H1: Metric | I1: Value
A2: S001 | B2: Study_A | C2: Site_01 | D2: Day_1 | E2: =IFERROR(_xlfn.XLOOKUP(A2,Received_Samples!A:A,Received_Samples!B:B),"Missing") -> Received | F2: =IF(E2="Missing","🔴 Review","Ok") -> Ok | H2: Total Samples | I2: =COUNTA(A:A)-1 -> 8
A3: S002 | B3: Study_A | C3: Site_01 | D3: Day_1 | E3: =IFERROR(_xlfn.XLOOKUP(A3,Received_Samples!A:A,Received_Samples!B:B),"Missing") -> Received | F3: =IF(E3="Missing","🔴 Review","Ok") -> Ok | H3: Received | I3: =COUNTIFS(E2:E9,"RECEIVED") -> 5
A4: S003 | B4: Study_A | C4: Site_02 | D4: Day_1 | E4: =IFERROR(_xlfn.XLOOKUP(A4,Received_Samples!A:A,Received_Samples!B:B),"Missing") -> Missing | F4: =IF(E4="Missing","🔴 Review","Ok") -> 🔴 Review | H4: Missing | I4: =COUNTIFS(E2:E9,"Missing") -> 3
A5: S004 | B5: Study_A | C5: Site_02 | D5: Day_2 | E5: =IFERROR(_xlfn.XLOOKUP(A5,Received_Samples!A:A,Received_Samples!B:B),"Missing") -> Received | F5: =IF(E5="Missing","🔴 Review","Ok") -> Ok | H5: Review Needed | I5: =COUNTIF(F2:F9,"🔴 Review") -> 3
A6: S005 | B6: Study_B | C6: Site_01 | D6: Day_1 | E6: =IFERROR(_xlfn.XLOOKUP(A6,Received_Samples!A:A,Received_Samples!B:B),"Missing") -> Missing | F6: =IF(E6="Missing","🔴 Review","Ok") -> 🔴 Review | H6: Count unique studies | I6: =COUNTA(_xlfn.UNIQUE(B2:B9)) -> 2
A7: S006 | B7: Study_B | C7: Site_03 | D7: Day_1 | E7: =IFERROR(_xlfn.XLOOKUP(A7,Received_Samples!A:A,Received_Samples!B:B),"Missing") -> Received | F7: =IF(E7="Missing","🔴 Review","Ok") -> Ok | H7: =IF(H6=1,"OK - Single Study", "Multiple Studies Detected") -> Multiple Studies Detected
A8: S007 | B8: Study_B | C8: Site_03 | D8: Day_2 | E8: =IFERROR(_xlfn.XLOOKUP(A8,Received_Samples!A:A,Received_Samples!B:B),"Missing") -> Received | F8: =IF(E8="Missing","🔴 Review","Ok") -> Ok
A9: S008 | B9: Study_B | C9: Site_02 | D9: Day_1 | E9: =IFERROR(_xlfn.XLOOKUP(A9,Received_Samples!A:A,Received_Samples!B:B),"Missing") -> Missing | F9: =IF(E9="Missing","🔴 Review","Ok") -> 🔴 Review

Sheet Received_Samples
A1: Sample_ID | B1: Received_Status
A2: S001 | B2: Received
A3: S002 | B3: Received
A4: S004 | B4: Received
A5: S006 | B5: Received
A6: S007 | B6: Received
